<manifest alg="2" build="2018.1.1.386" opt="false" iceEnabled="true" iceMarkupVersion="2" iceEnabledOptions="link,responsive,cachebuster,textStyling" exportTarget="other" domain="audium.com" resolutions="1x" timestamp="1613039141928">
  <folder name="css">
    <file name="site_global.css" crc="3893357124"/>
    <file name="index.css" crc="3803728989" ref="index"/>
    <file name="iefonts_index.css" crc="4162331260" ref="index"/>
  </folder>
  <folder name="scripts">
    <file name="jquery-1.8.3.min.js" crc="209076791" ref="index"/>
    <file name="museutils.js" crc="3939489907" ref="index"/>
    <file name="whatinput.js" crc="86476730" ref="index"/>
    <file name="museconfig.js" crc="3936894949" ref="index"/>
    <file name="jquery.musepolyfill.bgsize.js" crc="85124417" ref="index"/>
    <file name="jquery.watch.js" crc="522499760" ref="index"/>
    <file name="jquery.musemenu.js" crc="4139692962" ref="index"/>
    <file name="webpro.js" crc="3856315280" ref="index"/>
    <file name="musewpslideshow.js" crc="244150766" ref="index"/>
    <file name="jquery.museoverlay.js" crc="3877667098" ref="index"/>
    <file name="touchswipe.js" crc="3888935200" ref="index"/>
    <file name="jquery.scrolleffects.js" crc="312044820" ref="index"/>
    <file name="html5shiv.js" crc="4241844378" ref="index"/>
    <file name="require.js" crc="4177726516" ref="index"/>
  </folder>
  <folder name="images">
    <file name="vemp-u233-fr.jpg" crc="4226959467" ref="index"/>
    <file name="snap_screen_20210130214417-u251-fr.jpg" crc="264169503" ref="index"/>
    <file name="tinutuss.jpg" crc="3947227694" ref="index">
      <caption webpage="index" alt=""/>
    </file>
    <file name="asschuild-u263-fr.jpg" crc="43782946" ref="index"/>
    <file name="snap_screen_20210130214403.jpg" crc="15586662" ref="index">
      <caption webpage="index" alt=""/>
    </file>
    <file name="slt-u266-fr.jpg" crc="3793199404" ref="index"/>
    <file name="sirhdd-u313-fr.png" crc="4234065512" ref="index"/>
    <file name="whatsapp.png" crc="4078954613" ref="index">
      <caption webpage="index" alt=""/>
    </file>
    <file name="5baaa1ceffrfrdddd.jpg" crc="437438558" seo="true" ref="index">
      <caption webpage="index" alt=""/>
    </file>
    <file name="blank.gif" crc="4208392903" ref="index"/>
    <file name="hearingaid.jpg" crc="4043996185" seo="true" ref="index">
      <caption webpage="index" alt=""/>
    </file>
    <file name="oppgswf.jpg" crc="4020222711" seo="true" ref="index">
      <caption webpage="index" alt=""/>
    </file>
    <file name="loading.gif" crc="3815509949" ref="index"/>
    <file name="pasted image 31x32.jpg" crc="458926206" seo="true" ref="index">
      <caption webpage="index" alt=""/>
    </file>
    <file name="twitter-u1708-fr.png" crc="4023977897" ref="index"/>
    <file name="twitter.png" crc="360874920" ref="index">
      <caption webpage="index" alt=""/>
    </file>
    <file name="facebook-u1709-fr.png" crc="4121643081" ref="index"/>
    <file name="facebook.png" crc="4172500667" ref="index">
      <caption webpage="index" alt=""/>
    </file>
    <file name="instagram-u1710-fr.png" crc="396326160" ref="index"/>
    <file name="instagram.png" crc="4255375930" ref="index">
      <caption webpage="index" alt=""/>
    </file>
    <file name="snap_screen_20210131003112-u1741-fr.jpg" crc="369143262" ref="index"/>
    <file name="snap_screen_20210130204111.jpg" crc="429991260" ref="index">
      <caption webpage="index" alt=""/>
    </file>
    <file name="42-21856138_edit-768x511.jpg" crc="3870185514" seo="true" ref="index">
      <caption webpage="index" alt=""/>
      <caption webpage="index" alt=""/>
    </file>
    <file name="68ae15444b9cc673e19cde1585bcf917.jpg" crc="3831655921" seo="true" ref="index">
      <caption webpage="index" alt=""/>
      <caption webpage="index" alt=""/>
    </file>
    <file name="comtest.jpg" crc="4121333465" seo="true" ref="index">
      <caption webpage="index" alt=""/>
      <caption webpage="index" alt=""/>
      <caption webpage="index" alt=""/>
      <caption webpage="index" alt=""/>
    </file>
    <file name="d19.jpg" crc="473987489" seo="true" ref="index">
      <caption webpage="index" alt=""/>
      <caption webpage="index" alt=""/>
    </file>
    <file name="dfred.png" crc="381156499" seo="true" ref="index">
      <caption webpage="index" alt=""/>
      <caption webpage="index" alt=""/>
      <caption webpage="index" alt=""/>
      <caption webpage="index" alt=""/>
    </file>
    <file name="hearingexam.jpg" crc="3937139213" seo="true" ref="index">
      <caption webpage="index" alt=""/>
      <caption webpage="index" alt=""/>
      <caption webpage="index" alt=""/>
      <caption webpage="index" alt=""/>
    </file>
    <file name="childht.jpg" crc="239671239" seo="true" ref="index">
      <caption webpage="index" alt=""/>
      <caption webpage="index" alt=""/>
    </file>
    <file name="hearing-exam-3.jpg" crc="313909754" seo="true" ref="index">
      <caption webpage="index" alt=""/>
      <caption webpage="index" alt=""/>
    </file>
    <file name="istock-477562350.jpg" crc="83977290" seo="true" ref="index">
      <caption webpage="index" alt=""/>
      <caption webpage="index" alt=""/>
      <caption webpage="index" alt=""/>
      <caption webpage="index" alt=""/>
    </file>
    <file name="istock-1057569712-hearing-test-1280x853.jpg" crc="3767853239" seo="true" ref="index">
      <caption webpage="index" alt=""/>
      <caption webpage="index" alt=""/>
      <caption webpage="index" alt=""/>
      <caption webpage="index" alt=""/>
    </file>
    <file name="speech_and_language_therapy_for_kids.jpg" crc="476279763" seo="true" ref="index">
      <caption webpage="index" alt=""/>
      <caption webpage="index" alt=""/>
    </file>
    <file name="ucimg-846-2048x1150.jpg" crc="54807572" seo="true" ref="index">
      <caption webpage="index" alt=""/>
      <caption webpage="index" alt=""/>
    </file>
    <file name="unnamed.jpg" crc="3917186781" seo="true" ref="index">
      <caption webpage="index" alt=""/>
      <caption webpage="index" alt=""/>
    </file>
    <file name="hearingaid-u836-fr.jpg" crc="183179687" ref="index"/>
    <file name="asschuild.jpg" crc="326699163" ref="index"/>
    <file name="vemp.jpg" crc="3934703272" ref="index"/>
    <file name="snap_screen_20210130214417.jpg" crc="252039340" ref="index"/>
    <file name="whitney-place-al-hero-9.jpg" crc="375182590" ref="index">
      <caption webpage="index" alt=""/>
    </file>
    <file name="testimonials.png" crc="4083760234" seo="true" ref="index">
      <caption webpage="index" alt=""/>
      <caption webpage="index" alt=""/>
      <caption webpage="index" alt=""/>
      <caption webpage="index" alt=""/>
      <caption webpage="index" alt=""/>
      <caption webpage="index" alt=""/>
      <caption webpage="index" alt=""/>
      <caption webpage="index" alt=""/>
      <caption webpage="index" alt=""/>
    </file>
    <file name="p7.jpg" crc="4230474419" ref="index">
      <caption webpage="index" alt=""/>
    </file>
    <file name="p8.jpg" crc="435617401" ref="index">
      <caption webpage="index" alt=""/>
    </file>
    <file name="p9.jpg" crc="300861052" ref="index">
      <caption webpage="index" alt=""/>
    </file>
    <file name="p1.jpg" crc="439940231" ref="index">
      <caption webpage="index" alt=""/>
    </file>
    <file name="p2.jpg" crc="262429777" ref="index">
      <caption webpage="index" alt=""/>
    </file>
    <file name="p3.jpg" crc="3864086125" ref="index">
      <caption webpage="index" alt=""/>
    </file>
    <file name="p4.jpg" crc="336770731" ref="index">
      <caption webpage="index" alt=""/>
    </file>
    <file name="p5.jpg" crc="4129631760" ref="index">
      <caption webpage="index" alt=""/>
    </file>
    <file name="p6.jpg" crc="60468847" ref="index">
      <caption webpage="index" alt=""/>
    </file>
    <file name="rplexpng.png" crc="3904316786" ref="index">
      <caption webpage="index" alt=""/>
    </file>
    <file name="snap_screen_20210131003112.jpg" crc="4143491172" ref="index">
      <caption webpage="index" alt=""/>
    </file>
  </folder>
  <file name="index.html" crc="4207536075" seo="true" mt="1613039041612" redirect="true"/>
</manifest>